{
  "psnr": -3.430369767287857,
  "ssim": 0.4025481641292572,
  "bpp": 0.004609375
}