bpp,psnr,ssim
0.004609375,-3.430369767287857,0.4025481641292572
