{
  "psnr": -3.410284956858419,
  "ssim": 0.4034981429576874,
  "bpp": 0.004609375
}